{
  "app": "python3 app.py",
  "watch": {
    "include": ["**"],
    "exclude": [
      "README.md",
      "cdk*.json",
      "requirements*.txt",
      "source.bat",
      "**/__init__.py",
      "**/__pycache__",
      "tests"
    ]
  },
  "context": {
    "@aws-cdk/aws-lambda:recognizeLayerVersion": true,
    "@aws-cdk/core:checkSecretUsage": true,
    "@aws-cdk/core:target-partitions": ["aws", "aws-cn"],
    "@aws-cdk/aws-ecs:arnFormatIncludesClusterName": true,
    "@aws-cdk/aws-iam:minimizePolicies": true,
    "@aws-cdk/aws-apigateway:usagePlanKeyOrderInsensitiveId": true,
    "@aws-cdk/aws-rds:lowercaseDbIdentifier": true,
    "@aws-cdk/aws-efs:denyAnonymousAccess": true,
    "@aws-cdk/aws-lambda:recognizeVersionProps": true,
    "@aws-cdk/aws-cloudfront:defaultSecurityPolicyTLSv1.2_2021": true
  }
}
